{"title":"AQUA TEAM 360 VIRTUAL TOUR","subTitle":null,"slug":"aqua-team-porto-rafti","publish":true,"config":{"design":{"themeConfig":{"selected":"default","config":{"primaryColor":"#ffffff","textColor":"#000000"}},"hotspotConfig":{"bgColor":"#e54d42","iconColor":"#ffffff"},"polygonConfig":{"fillColor":"#ffffff21","fillColorHover":"#ffffff4f","borderWidth":3,"borderColor":"#ffffff","borderColorHover":"#ffffff"},"formCaptureConfig":{"backgroundColor":"#ffffff","overlayColor":"#00000073","layout":{"type":"dialog"}}},"marketing":{"meta_data":{"title":"Aqua Team Porto Rafti"}},"setting":{"general":{"first_scene":"63eb3c2e9856df4850102485"},"auto_rotate":{"speed":2,"enable":true}}},"thumbnail":null,"domain":null,"paymentStatus":"succeeded","domainApi":null,"exportSessions":null,"background_sound":null,"post":null,"user":"63eb2ec99856df18a1102407","updated_at":"2023-03-09T10:03:07.593Z","created_at":"2023-02-14T07:45:36.111Z","featured_image":"static\/media\/pano\/render\/FRmgwdSHbWpFk2QeV5Qt.png","first_scene":{"media":{"name":"1-GS__0023 (2)","type":"pano","mimetype":"image\/jpeg","deleting":false,"size":4155053,"isFolder":false,"updated_at":"2023-02-14T07:49:50.000Z","created_at":"2023-02-14T07:44:45.415Z","src":null,"src_thumb":"static\/media\/pano\/thumb\/300x_V8Q2Dn5nH4JHisanR4pU.webp","src_preview":"static\/media\/pano\/preview\/4000x_BPzn47vZ02IUgO3itTwh.webp","krpano_xml":"<preview url=\"static\/media\/pano\/vtour\/1676360964-8338\/preview.jpg\" \/><image><cube url=\"static\/media\/pano\/vtour\/1676360964-8338\/%s\/l%l\/%v\/l%l_%s_%v_%h.jpg\" multires=\"512,1024,1792\" \/><\/image>","id":"63eb3bedc3a0bd29d6b85ebd"},"background_sound":null,"parent":null,"group":null,"project":"63eb3c20c3a0bdc7b8b85ec5","post":null,"id":"63eb3c2e9856df4850102485"},"scenes":[{"title":"Hang out spot","media":{"name":"1-GS__0023 (2)","type":"pano","mimetype":"image\/jpeg","deleting":false,"size":4155053,"isFolder":false,"updated_at":"2023-02-14T07:49:50.000Z","created_at":"2023-02-14T07:44:45.415Z","src":null,"src_thumb":"static\/media\/pano\/thumb\/300x_V8Q2Dn5nH4JHisanR4pU.webp","src_preview":"static\/media\/pano\/preview\/4000x_BPzn47vZ02IUgO3itTwh.webp","krpano_xml":"<preview url=\"static\/media\/pano\/vtour\/1676360964-8338\/preview.jpg\" \/><image><cube url=\"static\/media\/pano\/vtour\/1676360964-8338\/%s\/l%l\/%v\/l%l_%s_%v_%h.jpg\" multires=\"512,1024,1792\" \/><\/image>","id":"63eb3bedc3a0bd29d6b85ebd"},"background_sound":null,"mode":"","parent":null,"sort_in_parent":0,"mode_in_parent":"","north_ath":0,"north_atv":-1,"sort":0,"publish":true,"config":{"default_view":{"x":3,"y":6,"zoom_lv":98}},"group":null,"project":"63eb3c20c3a0bdc7b8b85ec5","post":null,"updated_at":"2023-02-14T08:55:01.379Z","created_at":"2023-02-14T07:45:50.510Z","hotspots":[{"title":"Scuba Gear Washing Facilities","type":"point","icon":null,"width":50,"height":50,"atv":0.9330622115340407,"ath":-100.00778694615593,"x":0,"y":0,"z":0,"config":{"style":{"type":"icon","icon":{"bg_color":"#0984e2","icon":"Font-awesome-regular\/far fa-angle-double-up"},"effect":"pulse-grow"},"point":{"target_scene_id":"63eb3c2ec3a0bdab05b85ecd","isTransition":true,"typeTransition":"BLEND(0.75, easeInCubic)","hlookat_default":0,"vlookat_default":0,"zoom_default":90}},"polygon":false,"itemPrd":null,"updated_at":"2023-02-14T08:55:01.379Z","created_at":"2023-02-14T08:33:03.354Z","id":"63eb473f9856df64111024cb"},{"title":"Retail Store","type":"point","icon":null,"width":50,"height":50,"atv":0.7113150270543395,"ath":-8.879391259219346,"x":0,"y":0,"z":0,"config":{"style":{"type":"icon","effect":"pulse-grow","rotate":0,"opacity":100,"size":3,"icon":{"bg_color":"#0984e2","icon":"Font-awesome-regular\/far fa-angle-double-up"}},"point":{"target_scene_id":"63eb3c2ec3a0bd7e55b85ecf","isTransition":true,"typeTransition":"BLEND(0.75, easeInCubic)","hlookat_default":0,"vlookat_default":0,"zoom_default":99.9089117728157}},"polygon":false,"itemPrd":null,"updated_at":"2023-02-14T08:54:54.018Z","created_at":"2023-02-14T07:50:00.802Z","id":"63eb3d28c3a0bd6036b85ed2"}],"commentScenes":[],"id":"63eb3c2e9856df4850102485"},{"title":"Retail Store","media":{"name":"2-GS__0026 (2)","type":"pano","mimetype":"image\/jpeg","deleting":false,"size":4239759,"isFolder":false,"updated_at":"2023-02-14T07:50:02.000Z","created_at":"2023-02-14T07:44:45.318Z","src":null,"src_thumb":"static\/media\/pano\/thumb\/300x_UAyjPeNp6Vz6ZCS4BAUK.webp","src_preview":"static\/media\/pano\/preview\/4000x_xvOLJntqhNFT6KzIgu3d.webp","krpano_xml":"<preview url=\"static\/media\/pano\/vtour\/1676360969-4420\/preview.jpg\" \/><image><cube url=\"static\/media\/pano\/vtour\/1676360969-4420\/%s\/l%l\/%v\/l%l_%s_%v_%h.jpg\" multires=\"512,1024,1792\" \/><\/image>","id":"63eb3bed9856df9490102474"},"background_sound":null,"mode":"","parent":null,"sort_in_parent":0,"mode_in_parent":"","north_ath":0,"north_atv":0,"sort":1,"publish":true,"config":{"default_view":{"x":2,"y":3,"zoom_lv":110.17168375331971}},"group":null,"project":"63eb3c20c3a0bdc7b8b85ec5","post":null,"updated_at":"2023-02-14T08:55:16.870Z","created_at":"2023-02-14T07:45:50.529Z","hotspots":[{"title":"Filling Station","type":"point","icon":null,"width":50,"height":50,"atv":0.235529732399126,"ath":76.84014418406878,"x":0,"y":0,"z":0,"config":{"style":{"type":"icon","icon":{"bg_color":"#0984e2","icon":"Font-awesome-regular\/far fa-angle-double-up"},"effect":"pulse-grow"},"point":{"target_scene_id":"63eb3c2e9856dfe74f102486","isTransition":true,"typeTransition":"BLEND(0.75, easeInCubic)","hlookat_default":0,"vlookat_default":0,"zoom_default":95.27292281072069}},"polygon":false,"itemPrd":null,"updated_at":"2023-02-14T08:55:16.869Z","created_at":"2023-02-14T08:29:50.081Z","id":"63eb467ec3a0bdc73ab85f08"},{"title":"Hang out spot","type":"point","icon":null,"width":50,"height":50,"atv":6.585590438387606,"ath":-75.96486858888915,"x":0,"y":0,"z":0,"config":{"style":{"type":"icon","icon":{"bg_color":"#0984e2","icon":"Font-awesome-regular\/far fa-angle-double-up"},"effect":"pulse-grow"},"point":{"target_scene_id":"63eb3c2e9856df4850102485","isTransition":true,"typeTransition":"BLEND(0.75, easeInCubic)","hlookat_default":0,"vlookat_default":0,"zoom_default":90}},"polygon":false,"itemPrd":null,"updated_at":"2023-02-14T08:55:09.014Z","created_at":"2023-02-14T08:26:20.664Z","id":"63eb45acc3a0bdc3c1b85f05"}],"commentScenes":[],"id":"63eb3c2ec3a0bd7e55b85ecf"},{"title":"Filling Station","media":{"name":"3-GS__0027 (2)","type":"pano","mimetype":"image\/jpeg","deleting":false,"size":4193614,"isFolder":false,"updated_at":"2023-02-14T07:49:20.000Z","created_at":"2023-02-14T07:44:45.375Z","src":null,"src_thumb":"static\/media\/pano\/thumb\/300x_WHQuGR3cmTXSlRGHV8iI.webp","src_preview":"static\/media\/pano\/preview\/4000x_4fdCi93nCEeeeZ7cO9eb.webp","krpano_xml":"<preview url=\"static\/media\/pano\/vtour\/1676360929-4290\/preview.jpg\" \/><image><cube url=\"static\/media\/pano\/vtour\/1676360929-4290\/%s\/l%l\/%v\/l%l_%s_%v_%h.jpg\" multires=\"512,1024,1792\" \/><\/image>","id":"63eb3bed9856dfc759102477"},"background_sound":null,"mode":"","parent":null,"sort_in_parent":0,"mode_in_parent":"","north_ath":0,"north_atv":0,"sort":2,"publish":true,"config":{"default_view":{"x":-179,"y":13,"zoom_lv":122}},"group":null,"project":"63eb3c20c3a0bdc7b8b85ec5","post":null,"updated_at":"2023-02-14T08:55:23.680Z","created_at":"2023-02-14T07:45:50.529Z","hotspots":[{"title":"Retail Store","type":"point","icon":null,"width":50,"height":50,"atv":3.7187681347606882,"ath":-54.33473573958702,"x":0,"y":0,"z":0,"config":{"style":{"type":"icon","icon":{"bg_color":"#0984e2","icon":"Font-awesome-regular\/far fa-angle-double-up"},"effect":"pulse-grow"},"point":{"target_scene_id":"63eb3c2ec3a0bd7e55b85ecf","hlookat_default":8.226021801189091,"vlookat_default":4.798684455660517,"zoom_default":93.69984041260433,"isTransition":true,"typeTransition":"BLEND(0.75, easeInCubic)"}},"polygon":false,"itemPrd":null,"updated_at":"2023-02-14T08:55:23.680Z","created_at":"2023-02-14T08:38:35.530Z","id":"63eb488bc3a0bd202eb85f1a"},{"title":"Dive Store Facilities","type":"point","icon":null,"width":50,"height":50,"atv":2.593472160423991,"ath":-6.344857528016178,"x":0,"y":0,"z":0,"config":{"style":{"type":"icon","effect":"pulse-grow","rotate":0,"opacity":100,"size":3,"icon":{"bg_color":"#0984e2","icon":"Font-awesome-regular\/far fa-angle-double-up"}},"point":{"target_scene_id":"63eb3c2ec3a0bd28e8b85ece","hlookat_default":51.128948642043916,"vlookat_default":8.641661236676404,"zoom_default":92.01306968738558,"isTransition":true,"typeTransition":"BLEND(0.75, easeInCubic)"}},"polygon":false,"itemPrd":null,"updated_at":"2023-02-14T08:38:26.653Z","created_at":"2023-02-14T08:36:58.148Z","id":"63eb482a9856dfe9931024d1"}],"commentScenes":[],"id":"63eb3c2e9856dfe74f102486"},{"title":"Dive Store Facilities","media":{"name":"4-GS__0030 (2)","type":"pano","mimetype":"image\/jpeg","deleting":false,"size":4096476,"isFolder":false,"updated_at":"2023-02-14T07:49:21.000Z","created_at":"2023-02-14T07:44:45.366Z","src":null,"src_thumb":"static\/media\/pano\/thumb\/300x_6OmaP5BJBaA8mcWVqvv0.webp","src_preview":"static\/media\/pano\/preview\/4000x_8Ev4FQCfEJCdSijzZ6Mt.webp","krpano_xml":"<preview url=\"static\/media\/pano\/vtour\/1676360929-8661\/preview.jpg\" \/><image><cube url=\"static\/media\/pano\/vtour\/1676360929-8661\/%s\/l%l\/%v\/l%l_%s_%v_%h.jpg\" multires=\"512,1024,1792\" \/><\/image>","id":"63eb3bed9856df49bd102476"},"background_sound":null,"mode":"","parent":null,"sort_in_parent":0,"mode_in_parent":"","north_ath":0,"north_atv":0,"sort":3,"publish":true,"group":null,"project":"63eb3c20c3a0bdc7b8b85ec5","post":null,"updated_at":"2023-02-14T08:55:32.288Z","created_at":"2023-02-14T07:45:50.523Z","hotspots":[{"title":"Retail Store","type":"point","icon":null,"width":50,"height":50,"atv":6.235624269730728,"ath":-97.85722970417845,"x":0,"y":0,"z":0,"config":{"style":{"type":"icon","icon":{"bg_color":"#0984e2","icon":"Font-awesome-light\/fal fa-angle-double-up"},"effect":"pulse-grow"},"point":{"target_scene_id":"63eb3c2ec3a0bd7e55b85ecf","isTransition":true,"typeTransition":"BLEND(0.75, easeInCubic)"}},"polygon":false,"itemPrd":null,"updated_at":"2023-02-14T08:55:32.288Z","created_at":"2023-02-14T08:41:37.980Z","id":"63eb49419856df38ce1024da"},{"title":"Scuba Gear Washing Facilities","type":"point","icon":null,"width":50,"height":50,"atv":2.796559905263075,"ath":-7.033960073382445,"x":0,"y":0,"z":0,"config":{"style":{"type":"icon","icon":{"bg_color":"#0984e2","icon":"Font-awesome-regular\/far fa-angle-double-up"},"effect":"pulse-grow"},"point":{"target_scene_id":"63eb3c2ec3a0bdab05b85ecd","hlookat_default":-176.14655862101367,"vlookat_default":27.661240616634796,"zoom_default":90,"isTransition":true,"typeTransition":"BLEND(0.75, easeInCubic)"}},"polygon":false,"itemPrd":null,"updated_at":"2023-02-14T08:55:29.632Z","created_at":"2023-02-14T08:39:57.351Z","id":"63eb48dd9856df80b51024d9"},{"title":"Filling Station","type":"point","icon":null,"width":50,"height":50,"atv":3.8255955019771664,"ath":-175.88905378437022,"x":0,"y":0,"z":0,"config":{"style":{"type":"icon","icon":{"bg_color":"#0984e2","icon":"Font-awesome-light\/fal fa-angle-double-up"},"effect":"pulse-grow"},"point":{"target_scene_id":"63eb3c2e9856dfe74f102486","hlookat_default":174.36306604058407,"vlookat_default":16.967315802971328,"zoom_default":90,"isTransition":true,"typeTransition":"BLEND(0.75, easeInCubic)"}},"polygon":false,"itemPrd":null,"updated_at":"2023-02-14T08:43:24.997Z","created_at":"2023-02-14T08:42:32.353Z","id":"63eb49789856df37ad1024db"}],"commentScenes":[],"id":"63eb3c2ec3a0bd28e8b85ece"},{"title":"Scuba Gear Washing Facilities","media":{"name":"5-GS__0032 (2)","type":"pano","mimetype":"image\/jpeg","deleting":false,"size":4903726,"isFolder":false,"updated_at":"2023-02-14T07:50:28.000Z","created_at":"2023-02-14T07:44:45.515Z","src":null,"src_thumb":"static\/media\/pano\/thumb\/300x_qqKtkUuV56mWtpuifVc6.webp","src_preview":"static\/media\/pano\/preview\/4000x_jLPrqB0hOHstNYfPbHA6.webp","krpano_xml":"<preview url=\"static\/media\/pano\/vtour\/1676360994-3920\/preview.jpg\" \/><image><cube url=\"static\/media\/pano\/vtour\/1676360994-3920\/%s\/l%l\/%v\/l%l_%s_%v_%h.jpg\" multires=\"512,1024,1792\" \/><\/image>","id":"63eb3bedc3a0bd091fb85ebe"},"background_sound":null,"mode":"","parent":null,"sort_in_parent":0,"mode_in_parent":"","north_ath":0,"north_atv":0,"sort":4,"publish":true,"config":{"default_view":{"x":170,"y":8,"zoom_lv":114.9576036236604}},"group":null,"project":"63eb3c20c3a0bdc7b8b85ec5","post":null,"updated_at":"2023-02-14T08:55:50.842Z","created_at":"2023-02-14T07:45:50.510Z","hotspots":[{"title":"Dive Store Facilities","type":"point","icon":null,"width":50,"height":50,"atv":1.5248388346331614,"ath":-49.955944942462224,"x":0,"y":0,"z":0,"config":{"style":{"type":"icon","icon":{"bg_color":"#0984e2","icon":"Font-awesome-regular\/far fa-angle-double-up"},"effect":"pulse-grow"},"point":{"target_scene_id":"63eb3c2ec3a0bd28e8b85ece","isTransition":true,"typeTransition":"BLEND(0.75, easeInCubic)"}},"polygon":false,"itemPrd":null,"updated_at":"2023-02-14T08:55:50.842Z","created_at":"2023-02-14T08:44:24.134Z","id":"63eb49e8c3a0bd7900b85f1f"},{"title":"Hang out spot","type":"point","icon":null,"width":50,"height":50,"atv":4.842620447969287,"ath":103.32992311832871,"x":0,"y":0,"z":0,"config":{"style":{"type":"icon","icon":{"bg_color":"#0984E2","icon":"Font-awesome-regular\/far fa-angle-double-up"},"effect":"pulse-grow"},"point":{"target_scene_id":"63eb3c2e9856df4850102485","isTransition":true,"typeTransition":"BLEND(0.75, easeInCubic)"}},"polygon":false,"itemPrd":null,"updated_at":"2023-02-14T08:55:46.091Z","created_at":"2023-02-14T08:45:13.894Z","id":"63eb4a19c3a0bd2e83b85f20"}],"commentScenes":[],"id":"63eb3c2ec3a0bdab05b85ecd"}],"plugins":[{"title":"callToAction","config":{"data":[]},"updated_at":"2023-02-14T07:45:37.001Z","created_at":"2023-02-14T07:45:37.001Z","id":"63eb3c219856df887a102483"},{"title":"collaboration","config":{"config":{"isEnabled":false,"isPublic":true,"collaborations":""}},"updated_at":"2023-02-14T07:45:37.011Z","created_at":"2023-02-14T07:45:37.011Z","id":"63eb3c219856dfb10e102484"},{"title":"controlbar","config":{"config":{"floorplan":{"isHide":false,"type":"icon","icon":"far fa-project-diagram"},"sound_project_on":{"isHide":false,"type":"icon","icon":"far fa-volume"},"sound_project_off":{"isHide":false,"type":"icon","icon":"far fa-volume-mute"},"auto_rotate_on":{"isHide":false,"type":"icon","icon":"far fa-repeat"},"auto_rotate_off":{"isHide":false,"type":"icon","icon":"fal fa-repeat"},"home":{"isHide":false,"type":"icon","icon":"far fa-home"},"auto_change_scene_on":{"isHide":false,"type":"icon","icon":"far fa-pause"},"auto_change_scene_off":{"isHide":false,"type":"icon","icon":"far fa-play"},"sound_scene_on":{"isHide":false,"type":"icon","icon":"far fa-volume-up"},"sound_scene_off":{"isHide":false,"type":"icon","icon":"far fa-volume-off"},"view_mode":{"isHide":false,"type":"icon","icon":"far fa-eye"},"multi_staging":{"isHide":false,"type":"icon","icon":"far fa-images"},"gyro":{"isHide":false,"type":"icon","icon":"far fa-hurricane"},"vr":{"isHide":false,"type":"icon","icon":"far fa-head-vr"},"fullscreen":{"isHide":false,"type":"icon","icon":"far fa-expand-arrows-alt"},"map":{"isHide":false,"type":"icon","icon":"far fa-map-marked-alt"},"info_scene":{"isHide":false,"type":"icon","icon":"far fa-info"},"info_tour":{"isHide":false,"type":"icon","icon":"far fa-file-alt"},"group_auto_play":{"isHide":false,"type":"icon","icon":"far fa-play"},"view_mode_normal":{"isHide":false,"type":"icon","icon":"far fa-mountains"},"view_mode_little_planet":{"isHide":false,"type":"icon","icon":"far fa-globe-asia"},"view_mode_mirror":{"isHide":false,"type":"icon","icon":"far fa-globe"}}},"updated_at":"2023-02-14T07:45:37.038Z","created_at":"2023-02-14T07:45:37.038Z","id":"63eb3c21c3a0bdfe8db85ecb"},{"title":"copyRight","config":{"config":{"isEnabled":true,"description":"Created with","link":"https:\/\/panoee.com","author":"Panoee"}},"updated_at":"2023-02-14T07:45:36.994Z","created_at":"2023-02-14T07:45:36.994Z","id":"63eb3c20c3a0bd1106b85ec9"},{"title":"floorplan","config":{"data":[],"config":{"isShowOnStart":false,"bgColor":"#ffffff75","floorplan":{"type":"panel","position":"left"},"marker":{"bgColor":"#007afe","borderColor":"#007afe"},"radar":{"isEnabled":false,"bgColor":"#007afe40","borderColor":"#007afebf","borderWidth":1,"width":48}}},"updated_at":"2023-02-14T07:45:36.931Z","created_at":"2023-02-14T07:45:36.931Z","id":"63eb3c20c3a0bdae04b85ec7"},{"title":"formCapture","config":{"data":[],"config":[]},"updated_at":"2023-02-14T07:45:36.990Z","created_at":"2023-02-14T07:45:36.990Z","id":"63eb3c20c3a0bd42b0b85ec8"},{"title":"logo","config":{"config":{"isEnabled":false,"image":"","url":"","size":180,"position":"topLeft"}},"updated_at":"2023-02-14T07:45:36.979Z","created_at":"2023-02-14T07:45:36.979Z","id":"63eb3c209856df6dfe102481"},{"title":"map","config":{"data":{"markers":[]},"config":{"isEnabled":false,"isShowOnStart":false,"mapStyle":"","mapType":"roadmap","map":{"type":"panel","position":"left"},"marker":{"src":""},"radar":{"isEnabled":false,"bgColor":"#007afe40","borderColor":"#007afebf","borderWidth":1,"width":48}}},"updated_at":"2023-02-14T07:45:36.993Z","created_at":"2023-02-14T07:45:36.993Z","id":"63eb3c209856dff3fc102482"},{"title":"nadir","config":{"config":{"isEnabled":false,"scale":1,"src":"","link":""}},"updated_at":"2023-02-14T07:45:36.996Z","created_at":"2023-02-14T07:45:36.996Z","id":"63eb3c20c3a0bde2fab85eca"},{"title":"popupIntro","config":{"config":{"isEnabled":false,"type":"post","isAutoClose":false,"timeAutoClose":2,"textClose":"Close"}},"updated_at":"2023-02-14T07:45:36.929Z","created_at":"2023-02-14T07:45:36.929Z","id":"63eb3c20c3a0bd8144b85ec6"},{"title":"protectPassword","config":{"config":{"isEnabled":false,"password":""}},"updated_at":"2023-02-14T07:45:36.949Z","created_at":"2023-02-14T07:45:36.949Z","id":"63eb3c209856df82e3102480"}],"groups":[],"id":"63eb3c20c3a0bdc7b8b85ec5"}