<encrypted><![CDATA[KENCPUPR%*=jR[/sCKs:V2*l0b;gRpb#o.MEDQ]c.ubeqLf3:40GL3ZZ@Uv3?VH7M^q6`?/;1F]E/FwavA-2Zh?*u/A'8QcH6s*/$9botdw.l*f>gc9&_f8?j2S?D^6tQCWO/NIr-F>k>t_9'f9%Y5VTfi%QPAR=YZlrAr_dvq+4Xkr.)=$0v9lH#wvK.E%LM?L-`Td6?8kAr?J/,6EWQt5N=b&%@fR.lFbMQ,3BM_8&Bs7;0<?J:LShv<Pv/uXNPeGb_I/mIA5m+BFe;L+PgDFoAXjhG[asmthIAh;8hHhXz#9NA0KilINO0uF:w2(0INztZDJ;sIOeIT>HKucI21@1@VnGDD%gq's4Q7jpi&Fm1NjN@&:K[b&/Xr(+,iDPHub503//N`6AnRnBT#5vBIkc1qp8XF?wjTZ;8KQ;@dfRKDPw/LFGqF?TN;CFq++3];(C<P2q:3'Dwqc]dLbY,6AJo3z-*&%*cbad%[p4Q<)$Cr;a$CJ:wIUjK'&[lt(a-GB*QffC&+jBGtFCM(R6dBKmb2(sj67[Vd*U_:?_:vkPTfN((=lqW2ILKCzI+6s;jGT6)XQR@)h1i*psZ4tEBiG%X3dR>>VG;,s#<(I-v;]A]QQNk*U@wRPkqVC,MwHE*B`*B0-4@,6]-D,.,UJloE%_FL1F'&ueHi:Am<K0eUffD*8d>KJ0@IYaVC9%@_MG/K+/@Zjk>T+[sPD)b/E,qE6Xdl0v4@;Di#2<5%Gt'Q^6>-F[%d-4_f&S1RT./<wLT27B4+NZ;q`z+>MDJH4O5d:gXt==J9A8ewn9'HeMIYk8E,ShuYe;/(A$-#jgc:_DOf@Xpwz334q:m$7J<GU-^$?8-tr5-*LDHnuisK<PhnL.1#ZPV_^SBj/_q@91+K7Z<W]5cethJBi([R@ODIz%FBs*t]g*&O`B<B*`ttn0EX/BLYsch3'-I1P5B^t2()i?F;/,[mbQqk+6tb<'@K+,e8re-pR_A@vju?S@YiCNuRbn/-LE%I8S4*@zg>R-cjqu?t(u)P52-iCObM&4@<Wn6:Mf.;PM?%p)PK`:>6CFQ6VVoDR-vr?Oh$D9LblUWmCB*<e/=IV14^mL0Mw;J`Y]9-&O(ks:P/W;OnBv<+8>_UK24*<>#nBRK$Z8sRVR@p[KC+08Rhp6PArWXm9VGoJBlo'VL4pXY4/f'j^mS&l:WA=K](sBIAj&6airfD9b*fTawq);J1f<$4mTl,)Xvw9`CG7pwRKAJ6CdaPTp(g=PWm^:G+3-9^4N:@nX6[8v2n9Vo#FbULJZGED@1g6O7cfE[q23Hz9-%cIEq+X&@Ai<M[s_?lH<b=FqRSWT6^d>KsS;7g[>03_;u.D??IS6.)Z[TI=`(]S73]>;b9+663`J?Vk$nK3^Rm>(jUjSfc>LCs<OZ+=StU07&@f<;:-z=6T,ZKj6CX*Wd.,<I8f.JR=:9Jw8To4^85VG-)Ya[8$lKMKE=7LSfmZsAr2:BsMqsJKR0kDrf1hT@m)OKPTv==#f+eB>`(oV'a5YC&ADo3*iJp5-JzThC]/Q:tFn@n?nhrS_TV'/tiF]30jgl#B&epk&J(_62H1$Rh*A/Qv7[k;LWZ`@jOllJ$^c0:'iO0AfSF3P6P&tGW=kEAX4?e*<vh6&`Ra,zASElTcY@.na>B0.CM^F=GPu:;I)pE(w%j85)K30T_?mA4Ok3]H@rVB#I_94^2l@-E)^C3281oW(%ddk9P?je^+bl:rvH*,sai^e%Img&/;AsJ.JFpa(d'0@H>Xj+c+.,A,/[YC7Qcg[b-;0;.hd/oIS'u7>vnMeg%cRq<$_ntHGnWo:=CfE6M&8)KH-M%m?we:m/j3Z.$L>:(NPTf9STYLHXp'D<''r^-55]nMt4te=n%Fs*Qb>nhG]@rJ?OO#/I7n2#e(WmN:c,q)@bfAz#w=^RJ:Xn'8T@5iXh,no;83_[X#sY>WbRrRoj@gFU``:&V/5W6/=%#VB1<'D_2d,BqG1+oS+Th)8Yw^87JPbIF0<n55$>vHG'%6Uhm_D8zR1,5(2)_BwPP4#Z<+:I%_[u-$Vffs(FupKlLvlA-M%/$@^5fQFgS#>@t=4'83PF<_W;A(fRnXAt`WurpP2SMo;8I&E5kD>b&^GD/Vg,ZK%A(=CGs.`@QP,>QJAqAJDKT<)LB[36D<*',6$_SGi)uPvYwvZ)A1Z(_f8wIO@/mz303P,K>=0p^jPzdX>JR;z=El==V'D#/T'EK:?:+AUSkZo<Gh0EtbWW/S3n'=NT;0VNF@Ufp.hs<oo9[-Fni.G&p'o5lU(hT4rH&5QE^b2$ts:<oP.BC)K/n6bews-,Yi8mgS=6VdlK6?*d1,,5:V-EZ0WSs)G]LKLJBNPM<])B5q`R>Wewl<*`c=5>?p6Ij8GiTD;b,SgFGLz24Xt6gf'/);^.Tihu0u>$O;IQ:Eww>KpO6@01VW9%3_im@+k_FgmjV.ER@Z5A?9nI*+>?6'I@R_&XSGzR#UD6]41X;-XNz%o8z58GXt2CwE%&slTImF5aF>4qG;A6AEJ_@)'-H;.,9#KY:wOOSsgBR-_IV>oEw7I%-`I5=2vpP-Th_Q=hSizS%,56(CH^;V,4z;wHQJ#6&C@'raSm%Uvs@G9%3e??HWPobN^jlUSLl%ZWd[A(6#-5*%L-lhO#j5iB^,Srao$XuAzv5=FY.F&?AZD.Zc%)/d4i>fzT3MZ2c9=[R^v.tMM44.l3,$JoQQ?O4h6LXN(^+`N+HB][[#r-h+^G;#'e+ogr3;Q8hUT`*_U71qd(5tj#.b*qe]EXJ(t=k5iaGp0S$2zq/6AES+;A*4&$(gD)3fIU^3@6.,%@&jXg7O,M-GYT-,).>MYrmEDLr:#ir2CSrKD`u-.H(*;C1]v4E=*irz_=78uDn(f>6k)m177;GBP7PiEE[k)^([kG6PA/_=C'E%Q>i.ZBHu]vJHru5R<F7AlgZS('b?ikp-.RCl>p^$;%/bX?G%W)d6JhThV:b03<zLZX?MfwpF=o.aRzhYRVw[+76:1A^7]@OgHN%vr2MYh>S#*#h#q6Cpp@u$^<6v.rEPO_56v^r0-6[YXmsf=>,0sGS>[dlDW:jAt0^+M&9;+7zDe_Y8];@R='>Xb4*:`Ge@%f8W<]wBtJF(*2QnTQ#Lnuw7<@.F5,0V/azH.#IHmh),.?*ITSbqTvGqr2V?H@Yz6NCLHQQPP/Hqm)4AFq:V$2h`45pA+^)M,HtsOtJnhQNm]3-1VTF/#d#C3g=b,/m#UKXE1iQf7Ys42t0fD&JWZp0I<T;%w=c7optfuNJ.@Xbh'p;]>:g@)/UkJ=QqG7vJ6w@4Hdfi/<?SZF,2-G[9I#A$QzCADwtZH60*pmzwlUR4O@:0Cr&;Jp:w=AHkFim?;a1=]iZ#,Qd%a'stfP_2GfO>EBEiTceIYZ$A<w5K8=lDRn-HDaBVz9QiEz;n:#%RPo@4G1P?05H@T56U0dodW[,dD4nJ)A;L('L*_aIBvm^5;gMJYHwR=*8TCR5G(vh(loMMFndbeV@d&%]6>Nb6IhZ&`KB==Gz#AN#J3sV+2F-vp<u]/cBd._<L4U<J>@kS'/Pap%23bz5KC?Sz66iA_NXAl[Va:/A2Y`tp?5a]rDEX'j5Kn._Ep]?YRn'AmE`@[$,oU<w,%`NZ%T&NhJ[UQ1G]2h;L%%m0p`][X1[U0'Ila;B5DFtSBoaa;__;&5P->vTOgF/@9h$r#9:4j_&c/TiARB*ll,1'NY93QR@Xj>VBJ0aVU786q%H^b_<5rF#'lq^l/_FUX=1gc:svc(3SGNes;_iFw;=vsDfQWig>p6Hd-ZVLZU9HQ^9$pQ]4I($2,csK[:E;vHEBdAP,<Xqhlskl?O3vWU3u]l7-Gs&W<v0U9K)*AVUKkJ8g+1Ar6^BuG,SM?>HlbMh,@K&G5*D2q]s23W5[ITLK).U37]oa^qtu*U;rf^&5=^@em)IOD(#w3?SdiTwX6?D?WJWMu>sZ4FD;p/__lLor:&(9+5E=QblQn?h*vhMk@XUI),@)570W[L<'>9b1,eaq`Wuh_+.?4ecHFwthIwK<J2w>taD3IVGq=7XE[[Z*XEbP-`#Fw,S'TAms(rCi]02i+ptV2apG0<4kRo,<#=r8l)Z;.8=;@p@;6_DzY,5hZp@U7'V%o87CWSlF,`@rHa,2#P>Cc+3WG:vu76:wMsS]H0zW'mNw<[#3&=Ft/R&9v*C:VSt,D+7GY6L@0$Q[M#9Bg5_gG0^cc$47DuA7gclH@6lBXbV$7P]+Vz8%1UQQq%-@:OMo[G<ZEGCB->Zh5)J.4faAI@VLr])Uj=XSmw.WJ1uOR5M?QhVC/zZ?0p)6F4D&Yz;P>lRPmE8'(iAvDwe.<Fp/)06@ZHH/Z5+d8PzAc&g6<:%THmi@e)lCJ#F,74>q'HKI<I.s7:JLKEU(W:<kTsIbXfT3*(Vwh-l:IQu5L.ogUz9#FH+-ICq]&XEa/cgg:RG>&RWFS0gSn=h;S_@%vYZCd6a/@XiLe$X-37L0b4]'V%2gG`$^?64_BCsP>_Iq0?5S1V3z.2sK3AFv>B877V@K0*tHmRVV%WF)]iK[4NiJ55(LTI4shq2'BHMKg#AZPG$_(KJo@`H`K<]H'R;RrDKB,Kqi(1opaFeVB7V`;NwJ+EX56pB]R:jkF6F2Jb/wc$%L[5Kgo578lHRlDqd=NS?F1d&TmKP5ASCH>mGS<?CC[>kip^mWv826S0M;>$9NI,.GJ<nA`Y6'6?v[=>:5UF_NdN,F[tbj4GV=p3V?+P9+F#1H#Ww=FVDPDL@/_MC_Rj<WzRb>7@)jd5;$7,N1Sn2j'CtzMGt?$J<RHSFt[_d$W9%9;e]Oq=fX$dSifSnLOO%@AVmTJB(A_TVvj5^H79qV.Xj8Z0QCb^I)vV<54?OzU,OViX.oW2gGf@3DU*fmCr>fj5^K.:Ap)g$Re>%71YC5Q-%EnJ5U6pj/Dbi1DdTbi;.Op@L%M53EHvracIethC0Mic2Wf*N(w*#[RK?iNLbZvLA@f<*3a#2uF((z.I'HEa-@u:$L_3j)4Ed:L3jqM_B2EvZS]BfMGk2rZ5&.Z0,%uit50GB&6+O@aSX>N9pUqS:BFm),Q,G?Q@qD>46bgDG3G^r9Y5e+_#=%-+,N,VQ5G5g':6,jh%jM_M?;]38NN=I+<2'vjt;W(4Kss5`5*HGc2$B:Pp%lz7oZ1bY)kIf9D=(o;nla>9IkvZ7=Jf;(B_)6h<<OfwA6wng/1dM2d>;IJ9]B^,<)`1j,6z5U%3EA@)?u2(]=jV8R.p7^+b%kJ6vTCE>?z'r<s)iQz&H0+Tp,;/&MhXs(7`r^,AZW51m+wu.q-UT=5FZif`Qiwa;^R^9/#kzGC`+g:qOawP$Q3LQ;Fk@LN@s]9SVo8QEGF)G6Nc2GBeGaYfFt*^EuTJK;c&U&]QwO9GJ@VBz>._'efwhJK:tk)H6h5?'K**,0q*B?s,_oS9FTN3;lab@%RY[+qFN:1Rzfk@J#7>z1gA38EJmc*B(%#'BO$l=T1TSJ5W5lJf<(qYG_DQAAM+/=]9(oIdmUH3VN@d>cv1O`mi&GLG+iQC'Ig.)3oTw=ps/(@O-%EKM'M'Ye`&5=WXRX@2YXaD]8toVuJ<$J?O/X%LCY+,+887HC3vW6K5A*TejX2SB(:T5AzPq;(IMeBE?M$/9s:z@5JQirY'h7FYuj=3H;vS4(LPKAje`3C-Hr2LAX%f[w)tc??I73='$a092r<O5RJ9a7C;GT]woF1LIXz/;rG5e6IKbzEfoh<J)tlkAZr]+gX_N*fFB`vA6u)zCuz%#V_f10HQPu_2T1ge3v5uuH?eZA5Cz_jSQ:OsZlI$V%$pV/Xb$`OF`d%B3:OeB>*1UjV0N37F`&jLB3YKZr;A6v:j#ud@/'B'GYl9R<6m-wC;<%bJpB_n#BVbn8.XLSKdRIl[ZCenUD?Ag=##,e7XkB+<Q:gHD`u1-Kq*zQ^UA3/AF.-p8doRaDGJu?QJiSp7?`7jlIVw/7b@.:#8u*0s@$*ZnockapPhe2>LBpp5j@`.&qkp-PGb*Q6Jt21pn1iYU0)i[@$#5H+/zSKEOpVt+<]a/*2twgo:[3V'kzH8I:4;jI#G5n8pmEFHEu.1eZ128`FYmpF$I03)`jN8B$t;t9KesF+[9A]SwvSH9w;^1A)j]d9qB>gYz@nN'$g+H6L#F+$LUP^KYS5`6G*AQj/-iRS<9pc4_gYa;@.rn0FBjWZQczP>s+U]g608UB=L6J5M]i^7S9GF%,KHpC5r.1:j:$=PrU_jEN3E,.9f(*$z&'$6TK=,O]^NPq%+urZsleC9t,Xi3<%g6C0Tq4@W*mK>'%2n><+Ck=JDnE@&5X7Fc3;=[[FgVBH+MX9^t4M/W-/#<?rGS6(rwt_bXSnoSvM:GGsOK-S?C6%z5(f:)]0m=3t;Zk>D#kF&8a_2>9BP71T*g>457iChX90&/M45]WK7#Bqd^&>SHUvoMe5v5j.sZG%,sSQJeI^z2qCJDj<98,8>G%B6t;nAZ6z:=K2vXStb(@0%=I'3*uLdJ>1(SRE3M=8bb^0_JI1h2<h&[7^/T?;2Fh2zB:H;`$m*O.QlOV>`bFnG/D/C.wfu7;[5#eR/@hN$$N`^@vNL5]]></encrypted>