﻿<krpano>
  <include url="%$mypath%/core/plugins/webvr.xml" />
  <include url="%$mypath%/core/plugins/follow_mouse.xml" />
  <include url="%$mypath%/core/plugins/polygon.xml" />
  <include url="%$mypath%/core/transition.xml" />
  <include url="%$mypath%/core/plugins.xml" />
  <include url="%$mypath%/core/plugins/garrows/garrows.xml" />
  <include url="%$mypath%/core/plugins/garrows/garrows_settings.xml" />
  <include url="%$mypath%/core/xml.xml" />
  <include url="%$mypath%/core/skin/vtourskin.xml" />
  <include url="%$mypath%/core/plugins/vrmenu/vrmenu.xml"/>

  <plugin name="soundinterface" preload="true" keep="true"
	        url.flash="%$mypath%/core/plugins/soundinterface.swf"
	        url.html5="%$mypath%/core/plugins/soundinterface.js"
	        rootpath=""
          mute="false"
          panningmodel="simple"
          worldscale="1.0"
          autopause="false"
          autounlock="false"
	        />
  <action name="sound1click">
    trace("name:", %1, " src:", %2, " action:",  %3, " volume:",   %4," reach:",  %5, " auto_play:", %6, " loop:",  %7);
    if(sound[%1], if(%3 == "pause", sound[%1].toggle();, sound[%1].seek(0);), playsound_at_hotspot(%1, %2, %1, %7, %4, %5););
  </action>
  <action name="destroy_sound">
    trace("destroy_sound");
    stopallsounds();
  </action>
  <action name="toggle_mute_sound">
    trace("name:", %1, "mute:", %2);
    if(sound[%1], mutesound(%1, %2));
  </action>
  <action name="remove_sound">
    trace("name:", %1);
    if(sound[%1], sound[%1].destroy();)
  </action>
  <vrmenu
    angle="-45" groups="false" onlycat="false" firstgroup="false" onlygroups="false" displayprevnext="true" width="240" height="120" gpwidth="400" gpheight="200" rows="6" group_rows="6" spacing="20" gpspacing="50" timeout="2000" seen="true" from="800" closevrmenu="true" fademenu="true" menualpha="50" add_txt_thumb="true" txt_thumb_css="color:#ffffff; font-size:26px;text-align:center;fontweight: bold;" txt_thumb_vcenter="true" txt_thumb_hasshadow="true" add_txt_group="true" txt_group_css="color:#ffffff;font-size:36px;text-align:center;fontweight: bold;" txt_group_vcenter="true" txt_group_hasshadow="true" add_thumb_border="true" thumb_border_border="0 0x000000 1.00" thumb_border_bgcolor="0x000000" thumb_border_bgalpha="0" thumb_border_over_border="2 0xffffff 1.00" thumb_border_over_bgcolor="0x000000" thumb_border_over_bgalpha="0.7000076295109483"
  />
  <action name="hide_selected_scene_from_menu_vr">
    for(set(i, 0), i LT scene.count, inc(i),
      set(isSceneVR, calc(contains(get(scene[get(i)].name) , 'scene_')));
      set(isSceneSelected, calc(contains(get(scene[get(i)].name) , %1)));
      if(isSceneVR,
        if(isSceneSelected, set(scene[get(i)].nogrid, true), set(scene[get(i)].nogrid, null));
      )
    )
  </action>
  <action name="load_menu_vr">
    includexmlstring(%1);
  </action>
</krpano>
